Player,Team,Pos,Injury,Status,Est. Return
Micah Abernathy,FA,S,Knee,Questionable,Subscribers Only
Jordan Addison,MIN,WR,Suspension,Reserve-Sus,Subscribers Only
Nate Adkins,DEN,TE,Ankle,Questionable,Subscribers Only
Jamal Agnew,ATL,WR,Groin,Questionable,Subscribers Only
Salvon Ahmed,IND,RB,Ankle,IR,Subscribers Only
Brandon Aiyuk,SF,WR,Knee - ACL + MCL,PUP-R,Subscribers Only
Isaac Alarcon,SF,OT,Suspension,Reserve-Sus,Subscribers Only
Jaire Alexander,BAL,CB,Knee,Questionable,Subscribers Only
Erick All,CIN,TE,Knee - ACL,PUP-R,Subscribers Only
Bradlee Anae,FA,DE,Undisclosed,Questionable,Subscribers Only
Troy Andersen,ATL,LB,Knee,PUP-R,Subscribers Only
Calvin Anderson,PIT,OT,Illness,Questionable,Subscribers Only
Zayne Anderson,GB,S,Knee,Questionable,Subscribers Only
Jake Andrews,HOU,C,Ankle,Questionable,Subscribers Only
Daijahn Anthony,CIN,S,Hamstring,IR-R,Subscribers Only
Felix Anudike-Uzomah,KC,DE,Hamstring,IR,Subscribers Only
Troy Apke,FA,CB,Shoulder,Questionable,Subscribers Only
Terron Armstead,MIA,OT,Undisclosed,Reserve-Ret,Subscribers Only
Grayland Arnold,FA,S,Undisclosed,Questionable,Subscribers Only
Eugene Asante,FA,LB,Ankle,Questionable,Subscribers Only
Jaytlin Askew,FA,CB,Quadriceps,Questionable,Subscribers Only
Popo Aumavae,CAR,DT,Achilles,IR,Subscribers Only
Denico Autry,HOU,DT,Knee,PUP-R,Subscribers Only
C. J. Avery,FA,LB,Undisclosed,Questionable,Subscribers Only
Steve Avila,LAR,OG,Ankle,Questionable,Subscribers Only
David Bada,FA,DT,Achilles,Questionable,Subscribers Only
Rushawn Baker,FA,RB,Knee,Questionable,Subscribers Only
David Bakhtiari,FA,OT,Knee,Questionable,Subscribers Only
Aaron Banks,GB,OG,Ankle,Questionable,Subscribers Only
Marcus Banks,FA,S,Undisclosed,Questionable,Subscribers Only
Amare Barno,FA,LB,Knee,Questionable,Subscribers Only
Gavin Bartholomew,MIN,TE,Back,PUP-R,Subscribers Only
Tyler Bass,BUF,K,Hip,IR,Subscribers Only
Tyler Batty,MIN,DE,Knee,IR-R,Subscribers Only
Bo Bauer,FA,LB,Leg,Questionable,Subscribers Only
Evan Baylis,FA,TE,Ankle,Questionable,Subscribers Only
Nate Becker,FA,TE,Undisclosed,Questionable,Subscribers Only
David Bell,CLE,WR,Hip,NFI-R,Subscribers Only
B.J. Bello,FA,LB,Ankle,Questionable,Subscribers Only
Ja'Whaun Bentley,FA,LB,Pectoral,Questionable,Subscribers Only
Braxton Berrios,HOU,WR,Hamstring,Questionable,Subscribers Only
Julian Blackmon,NO,S,Shoulder - Labrum,Out,Subscribers Only
Raheem Blackshear,FA,RB,Ankle,Questionable,Subscribers Only
Angelo Blackson,FA,DE,Undisclosed,Out,Subscribers Only
DaRon Bland,DAL,CB,Foot,Questionable,Subscribers Only
Joey Blount,ARI,S,Neck,IR,Subscribers Only
C.J. Board,FA,WR,Ribs,Questionable,Subscribers Only
Jake Bobo,SEA,WR,Concussion,Questionable,Subscribers Only
Devante Bond,FA,LB,Knee,Questionable,Subscribers Only
Ethan Bonner,MIA,CB,Hamstring,Questionable,Subscribers Only
Austin Booker,CHI,DE,Knee,IR,Subscribers Only
Dicaprio Bootle,FA,CB,Undisclosed,Questionable,Subscribers Only
Kayshon Boutte,NE,WR,Shoulder,Questionable,Subscribers Only
Brandon Bouyer-Randle,FA,LB,Undisclosed,Questionable,Subscribers Only
Brock Bowers,LV,TE,Knee,Questionable,Subscribers Only
Tyus Bowser,FA,LB,Knee,Questionable,Subscribers Only
Kris Boyd,NYJ,CB,Shoulder,IR,Subscribers Only
Carter Bradley,FA,QB,Undisclosed,Questionable,Subscribers Only
Chandler Brewer,FA,OT,Calf,Questionable,Subscribers Only
Jake Briningstool,KC,TE,Hamstring,IR-R,Subscribers Only
Beau Brinkley,FA,C,Undisclosed,Questionable,Subscribers Only
Jonathon Brooks,CAR,RB,Knee - ACL,PUP-R,Subscribers Only
Anthony Brown,FA,CB,Thumb,Questionable,Subscribers Only
Daniel Brown,FA,TE,Hip,Questionable,Subscribers Only
Duane Brown,FA,OT,Back,Questionable,Subscribers Only
Jayon Brown,FA,LB,Hand,Questionable,Subscribers Only
Mike Brown,FA,OG,Undisclosed,Questionable,Subscribers Only
Montaric Brown,JAX,CB,Ankle,Questionable,Subscribers Only
Omar Brown,FA,S,Chest,Questionable,Subscribers Only
Sam Brown,FA,WR,Ankle,Questionable,Subscribers Only
Shakur Brown,FA,CB,Undisclosed,Questionable,Subscribers Only
Tre Brown,FA,CB,Heel,Questionable,Subscribers Only
Trent Brown,FA,OT,Undisclosed,Questionable,Subscribers Only
Troy Brown,FA,LB,Undisclosed,Questionable,Subscribers Only
Logan Bruss,FA,OG,Knee - ACL,Questionable,Subscribers Only
Austin Bryant,FA,DE,Undisclosed,Questionable,Subscribers Only
Hunter Bryant,FA,TE,Undisclosed,Questionable,Subscribers Only
Isaiah Buggs,FA,DT,Suspension,Reserve-Sus,Subscribers Only
Ian Bunting,FA,TE,Neck,Questionable,Subscribers Only
Treylon Burks,TEN,WR,Collarbone,IR,Subscribers Only
Artie Burns,MIA,CB,Knee - ACL,IR,Subscribers Only
Major Burns,FA,S,Knee,Questionable,Subscribers Only
Michael Burton,DEN,FB,Hamstring,IR,Subscribers Only
Deon Bush,KC,S,Achilles,IR,Subscribers Only
Josh Butler,DAL,CB,Knee - ACL,PUP-R,Subscribers Only
Vernon Butler,FA,DT,Undisclosed,Questionable,Subscribers Only
Akial Byers,FA,DT,Undisclosed,Questionable,Subscribers Only
Yodny Cajuste,MIA,OT,Undisclosed,IR,Subscribers Only
Don Callis,FA,CB,Hamstring,Questionable,Subscribers Only
Ibraheim Campbell,FA,S,Ankle,Questionable,Subscribers Only
Jack Campbell,DET,LB,Ankle,Questionable,Subscribers Only
Parris Campbell,FA,WR,Knee - MCL,Questionable,Subscribers Only
Marcus Cannon,FA,OT,Concussion,Questionable,Subscribers Only
Dylan Cantrell,FA,TE,Undisclosed,Questionable,Subscribers Only
Jaylon Carlies,IND,LB,Ankle,IR-R,Subscribers Only
Tariq Carpenter,FA,LB,Suspension,Reserve-Sus,Subscribers Only
Derek Carr,NO,QB,Shoulder,Reserve-Ret,Subscribers Only
Patrick Carr,FA,RB,Undisclosed,Questionable,Subscribers Only
Caelen Carson,DAL,CB,Knee,IR,Subscribers Only
Devin Carter,FA,WR,Undisclosed,Questionable,Subscribers Only
DeWayne Carter,BUF,DT,Achilles,IR,Subscribers Only
Ja'Tyre Carter,FA,OG,Ankle,Questionable,Subscribers Only
Jamal Carter,FA,S,Undisclosed,Questionable,Subscribers Only
Lorenzo Carter,FA,LB,Undisclosed,Reserve-Ret,Subscribers Only
Michael Carter,NYJ,CB,Shoulder,Questionable,Subscribers Only
Blake Cashman,MIN,LB,Hamstring,Questionable,Subscribers Only
Tariq Castro-Fields,FA,CB,Hamstring,Questionable,Subscribers Only
Joshua Cephus,JAX,WR,Undisclosed,IR,Subscribers Only
Ty Chandler,MIN,RB,Knee,Questionable,Subscribers Only
Irvin Charles,NYJ,WR,Knee - ACL,PUP-R,Subscribers Only
Taco Charlton,FA,DE,Undisclosed,Questionable,Subscribers Only
Dan Chisena,FA,WR,Calf,Questionable,Subscribers Only
DeMarcus Christmas,FA,DT,Undisclosed,Questionable,Subscribers Only
Lewis Cine,PHI,S,Groin,IR,Subscribers Only
Will Clapp,NO,C,Foot,IR,Subscribers Only
Darius Clark,FA,RB,Knee,Questionable,Subscribers Only
Chase Claypool,FA,WR,Toe,Questionable,Subscribers Only
Brandon Codrington,BUF,CB,Knee,Questionable,Subscribers Only
Jalen Coker,CAR,WR,Quadriceps,IR,Subscribers Only
Zaven Collins,ARI,LB,Hand,Questionable,Subscribers Only
Junior Colson,LAC,LB,Shoulder,IR,Subscribers Only
John Cominsky,FA,DE,Knee - MCL,Questionable,Subscribers Only
Tom Compton,FA,OT,Back,Questionable,Subscribers Only
Jack Conklin,CLE,OT,Eye,Questionable,Subscribers Only
Ryan Connelly,FA,LB,Undisclosed,Questionable,Subscribers Only
Hayden Conner,ARI,OG,Knee,IR-R,Subscribers Only
Cody Conway,FA,OT,Knee - ACL,Questionable,Subscribers Only
Jalin Conyers,MIA,TE,Leg,IR,Subscribers Only
James Cook,BUF,RB,Hamstring,Questionable,Subscribers Only
Amari Cooper,LV,WR,Undisclosed,Reserve-Ret,Subscribers Only
Ryan Cooper,FA,CB,Undisclosed,Questionable,Subscribers Only
Cody Core,FA,WR,Undisclosed,Questionable,Subscribers Only
Zeke Correll,MIN,C,Ankle,IR,Subscribers Only
Sam Cosmi,WAS,OG,Knee - ACL,PUP-R,Subscribers Only
Jeff Cotton,FA,WR,Undisclosed,Questionable,Subscribers Only
Nathan Cottrell,FA,RB,Undisclosed,Questionable,Subscribers Only
Te'Cory Couch,FA,CB,Hamstring,Questionable,Subscribers Only
Carter Coughlin,FA,LB,Pectoral,Out,Subscribers Only
Byron Cowart,NYJ,DT,Ankle,IR,Subscribers Only
Jacob Cowing,SF,WR,Hamstring,IR,Subscribers Only
Brenton Cox,GB,LB,Groin,Out,Subscribers Only
Kekoa Crawford,FA,WR,Undisclosed,Questionable,Subscribers Only
Corey Crooms,FA,WR,Undisclosed,Questionable,Subscribers Only
Tyrell Crosby,FA,OT,Back,Questionable,Subscribers Only
Isaiah Crowell,FA,RB,Achilles,Questionable,Subscribers Only
Fentrell Cypress,FA,CB,Undisclosed,Questionable,Subscribers Only
Dennis Daley,JAX,OT,Undisclosed,Reserve-Ret,Subscribers Only
Tae Daley,FA,S,Undisclosed,Questionable,Subscribers Only
James Daniels,MIA,OG,Pectoral,IR,Subscribers Only
Ronald Darby,HOU,CB,Undisclosed,Reserve-Ret,Subscribers Only
Christian Darrisaw,MIN,OT,Knee - ACL + MCL,Questionable,Subscribers Only
Marlon Davidson,FA,DT,Undisclosed,Questionable,Subscribers Only
Ashtyn Davis,MIA,S,Knee,Questionable,Subscribers Only
Daewood Davis,FA,WR,Thigh,Questionable,Subscribers Only
Domenique Davis,PIT,DT,Undisclosed,IR,Subscribers Only
Gabe Davis,FA,WR,Knee - Meniscus,Out,Subscribers Only
Jaden Davis,FA,CB,Undisclosed,Questionable,Subscribers Only
Jarrad Davis,FA,LB,Knee,Questionable,Subscribers Only
L.J. Davis,FA,CB,Undisclosed,Questionable,Subscribers Only
Quartney Davis,FA,WR,Shoulder,Questionable,Subscribers Only
Raekwon Davis,FA,DT,Illness,Questionable,Subscribers Only
Shawn Davis,FA,S,Abdomen,Questionable,Subscribers Only
Tae Davis,FA,LB,Foot,Questionable,Subscribers Only
Duke Dawson,FA,CB,Undisclosed,Questionable,Subscribers Only
Luke Deal,FA,TE,Undisclosed,Questionable,Subscribers Only
Nakobe Dean,PHI,LB,Knee,PUP-R,Subscribers Only
Dylan Deatherage,FA,OT,Undisclosed,Questionable,Subscribers Only
Dawson Deaton,FA,OG,Knee - ACL,Questionable,Subscribers Only
Taylor Decker,DET,OT,Shoulder,Questionable,Subscribers Only
Tank Dell,HOU,WR,Knee - ACL + MCL,PUP-R,Subscribers Only
Trevor Denbow,FA,S,Knee,Questionable,Subscribers Only
Marcellas Dial,NE,CB,Knee - ACL,IR,Subscribers Only
Landon Dickerson,PHI,OG,Back,Questionable,Subscribers Only
Andre Dillard,FA,OT,Ankle,Questionable,Subscribers Only
Brandon Dillon,FA,TE,Undisclosed,Questionable,Subscribers Only
Victor Dimukeje,NYG,DE,Pectoral,PUP-R,Subscribers Only
De'Shaan Dixon,FA,DE,Knee - ACL,Questionable,Subscribers Only
JoJo Domann,FA,LB,Undisclosed,Questionable,Subscribers Only
Keelan Doss,FA,WR,Undisclosed,Questionable,Subscribers Only
Kevin Dotson,LAR,OG,Ankle,Questionable,Subscribers Only
Tommy Doyle,FA,OT,Knee,Reserve-Ret,Subscribers Only
Dakota Dozier,FA,OG,Knee - ACL,Questionable,Subscribers Only
Josh Drayden,FA,CB,Undisclosed,Questionable,Subscribers Only
Jack Driscoll,FA,OG,Ankle,Questionable,Subscribers Only
Ethan Driskell,KC,OG,Appendix,NFI-R,Subscribers Only
Grant DuBose,FA,WR,Shoulder,Questionable,Subscribers Only
Storm Duck,MIA,CB,Ankle,Questionable,Subscribers Only
Isaiah Dunn,FA,CB,Undisclosed,Questionable,Subscribers Only
Yasir Durant,NE,OG,Undisclosed,IR,Subscribers Only
David Durden,FA,WR,Undisclosed,Questionable,Subscribers Only
Silas Dzansi,FA,OT,Knee,Questionable,Subscribers Only
Nate Ebner,FA,S,Ankle,Questionable,Subscribers Only
Trestan Ebner,FA,RB,Concussion,Questionable,Subscribers Only
T.J. Edwards,CHI,LB,Hamstring,Questionable,Subscribers Only
Liam Eichenberg,MIA,OG,Undisclosed,PUP-R,Subscribers Only
Duke Ejiofor,FA,LB,Undisclosed,Questionable,Subscribers Only
Ikem Ekwonu,CAR,OT,Appendix,Questionable,Subscribers Only
Hamze El-Zayat,FA,WR,Undisclosed,Questionable,Subscribers Only
Pat Elflein,FA,C,Calf,Questionable,Subscribers Only
DeShon Elliott,PIT,S,Knee - MCL,Out,Subscribers Only
Tino Ellis,FA,CB,Undisclosed,Questionable,Subscribers Only
Christian Elliss,NE,LB,Shoulder,Questionable,Subscribers Only
Martin Emerson,CLE,CB,Achilles,IR,Subscribers Only
Nick Emmanwori,SEA,S,Ankle,Questionable,Subscribers Only
Evan Engram,DEN,TE,Calf,Questionable,Subscribers Only
Donnie Ernsberger,FA,TE,Undisclosed,Questionable,Subscribers Only
Tyler Ervin,FA,RB,Foot,Questionable,Subscribers Only
Drew Estrada,FA,WR,Achilles,Questionable,Subscribers Only
Caleb Etienne,FA,OT,Undisclosed,Questionable,Subscribers Only
Darrynton Evans,FA,RB,Hamstring,Questionable,Subscribers Only
Justin Evans,FA,S,Knee,Questionable,Subscribers Only
Obinna Eze,MIA,OT,Undisclosed,IR,Subscribers Only
Joshua Ezeudu,NYG,OT,Undisclosed,IR-R,Subscribers Only
Jequez Ezzard,FA,WR,Undisclosed,Questionable,Subscribers Only
Brandon Facyson,FA,CB,Undisclosed,Questionable,Subscribers Only
Diego Fagot,FA,LB,Undisclosed,Questionable,Subscribers Only
JayVian Farr,FA,CB,Undisclosed,Questionable,Subscribers Only
Viliami Fehoko,FA,DT,Undisclosed,Questionable,Subscribers Only
Jon Feliciano,FA,OG,Knee,Questionable,Subscribers Only
Da'Quan Felton,NYG,WR,Undisclosed,IR,Subscribers Only
Sharif Finch,FA,LB,Undisclosed,Questionable,Subscribers Only
AJ Finley,SEA,S,Knee,IR,Subscribers Only
Eric Fisher,FA,OT,Calf,Questionable,Subscribers Only
Dez Fitzpatrick,FA,WR,Undisclosed,Questionable,Subscribers Only
Demetrius Flannigan-Fowles,NYG,LB,Calf,Questionable,Subscribers Only
Jeremy Flax,FA,OT,Undisclosed,Questionable,Subscribers Only
Julian Fleming,FA,WR,Undisclosed,Questionable,Subscribers Only
Luke Floriea,FA,WR,Hamstring,Questionable,Subscribers Only
Trey Flowers,FA,LB,Foot,Questionable,Subscribers Only
Drew Forbes,FA,OG,Back,Questionable,Subscribers Only
Dee Ford,FA,DE,Back,Questionable,Subscribers Only
Bryce Ford-Wheaton,NYG,WR,Achilles,IR,Subscribers Only
Jeff Foreman,FA,WR,Knee,Questionable,Subscribers Only
Miller Forristall,FA,TE,Undisclosed,Questionable,Subscribers Only
Jody Fortson,FA,TE,Knee - ACL,Questionable,Subscribers Only
Montorie Foster,FA,WR,Hamstring,Questionable,Subscribers Only
Ja'Mion Franklin,FA,DT,Undisclosed,Questionable,Subscribers Only
John Franklin,FA,WR,Knee - ACL,Questionable,Subscribers Only
John Franklin-Myers,DEN,DE,Knee,Questionable,Subscribers Only
Miles Frazier,DET,OG,Undisclosed,PUP-R,Subscribers Only
Zah Frazier,CHI,CB,Personal,NFI-R,Subscribers Only
Blake Freeland,IND,OT,Leg,IR,Subscribers Only
Taliese Fuaga,NO,OT,Knee,Questionable,Subscribers Only
Josh Fuga,LAC,DT,Undisclosed,IR,Subscribers Only
Jordan Fuller,ATL,S,Knee,Questionable,Subscribers Only
Kendall Fuller,FA,CB,Knee,Questionable,Subscribers Only
Will Fuller,FA,WR,Finger,Questionable,Subscribers Only
X'Zauvea Gadlin,FA,OG,Undisclosed,Questionable,Subscribers Only
Tipa Galeai,FA,LB,Hamstring,Questionable,Subscribers Only
Jamell Garcia-Williams,FA,DE,Undisclosed,Questionable,Subscribers Only
Nick Gargiulo,DEN,OG,Knee,IR,Subscribers Only
Ben Garland,FA,C,Calf,Questionable,Subscribers Only
Nick Gates,FA,C,Groin,Questionable,Subscribers Only
Izaiah Gathings,FA,TE,Hamstring,Questionable,Subscribers Only
Brandon George,KC,LB,Undisclosed,IR,Subscribers Only
Mark Gilbert,FA,CB,Undisclosed,Questionable,Subscribers Only
Zyon Gilbert,FA,CB,Knee,Out,Subscribers Only
Jaelen Gill,FA,WR,Undisclosed,Questionable,Subscribers Only
Cullen Gillaspia,FA,LB,Knee,Questionable,Subscribers Only
Tyree Gillespie,FA,S,Undisclosed,Questionable,Subscribers Only
Blake Gillikin,ARI,P,Back,Questionable,Subscribers Only
Kevin Givens,SF,DT,Pectoral,IR-R,Subscribers Only
Jordan Glasgow,FA,LB,Undisclosed,Questionable,Subscribers Only
Travis Glover,GB,OT,Shoulder,IR,Subscribers Only
Chris Godwin,TB,WR,Ankle,Out,Subscribers Only
Dallas Goedert,PHI,TE,Knee,Questionable,Subscribers Only
Matt Gono,FA,OT,Neck,Questionable,Subscribers Only
Christian Gonzalez,NE,CB,Hamstring,Questionable,Subscribers Only
Julian Good-Jones,FA,OG,Undisclosed,Questionable,Subscribers Only
Tyler Goodson,IND,RB,Elbow,Questionable,Subscribers Only
Kyler Gordon,CHI,CB,Hamstring,Questionable,Subscribers Only
Tylan Grable,BUF,OT,Concussion,IR-R,Subscribers Only
Brandon Graham,FA,LB,Undisclosed,Reserve-Ret,Subscribers Only
Jaeden Graham,FA,TE,Undisclosed,Questionable,Subscribers Only
Ta'Quon Graham,ATL,DE,Undisclosed,IR-R,Subscribers Only
Colin Granger,FA,TE,Undisclosed,Questionable,Subscribers Only
Danny Gray,FA,WR,Finger,Questionable,Subscribers Only
Eric Gray,NYG,RB,Undisclosed,PUP-R,Subscribers Only
Vincent Gray,FA,CB,Groin,Questionable,Subscribers Only
Antoine Green,FA,WR,Concussion,Questionable,Subscribers Only
Rasheem Green,FA,DE,Undisclosed,Questionable,Subscribers Only
Virgil Green,FA,TE,Ankle,Questionable,Subscribers Only
Raven Greene,FA,S,Undisclosed,Questionable,Subscribers Only
Garret Greenfield,TB,OT,Undisclosed,Reserve-Ret,Subscribers Only
Ethan Greenidge,FA,OT,Undisclosed,Questionable,Subscribers Only
Dre Greenlaw,DEN,LB,Quadriceps,Questionable,Subscribers Only
Antonio Grier,FA,LB,Undisclosed,Questionable,Subscribers Only
Trevon Grimes,FA,WR,Undisclosed,Questionable,Subscribers Only
Ryan Groy,FA,OG,Triceps,Questionable,Subscribers Only
Xavier Guillory,FA,WR,Collarbone,Questionable,Subscribers Only
Maxwell Hairston,BUF,CB,Knee,IR-R,Subscribers Only
Alex Hale,FA,K,Eye,Questionable,Subscribers Only
Grant Haley,FA,CB,Knee - ACL,Questionable,Subscribers Only
Emanuel Hall,FA,WR,Achilles,Questionable,Subscribers Only
Mike Hall,CLE,DT,Knee,Questionable,Subscribers Only
Terez Hall,FA,LB,Undisclosed,Questionable,Subscribers Only
Tyler Hall,FA,CB,Knee,Questionable,Subscribers Only
C.J. Ham,MIN,FB,Undisclosed,IR-R,Subscribers Only
Kyonte Hamilton,HOU,DT,Ankle,IR,Subscribers Only
Saquan Hampton,FA,S,Achilles,Questionable,Subscribers Only
Deion Hankins,CHI,RB,Quadriceps,IR,Subscribers Only
Johnathan Hankins,SEA,DT,Back,NFI-R,Subscribers Only
Matt Hankins,FA,CB,Undisclosed,Questionable,Subscribers Only
Jake Hanson,FA,OG,Undisclosed,Questionable,Subscribers Only
Tre Harbison,FA,RB,Concussion,Questionable,Subscribers Only
Justin Hardee,FA,CB,Undisclosed,Questionable,Subscribers Only
Sean Harlow,FA,OG,Undisclosed,Questionable,Subscribers Only
Bruce Harmon,FA,CB,Knee,Questionable,Subscribers Only
Derrick Harmon,PIT,DT,Knee - MCL,Out,Subscribers Only
Devin Harper,FA,LB,Undisclosed,Questionable,Subscribers Only
Clark Harris,FA,C,Biceps,Questionable,Subscribers Only
Dwayne Harris,FA,WR,Triceps,Questionable,Subscribers Only
Josh Harris,LAC,C,Undisclosed,IR-R,Subscribers Only
Keilahn Harris,FA,WR,Undisclosed,Questionable,Subscribers Only
Malik Harrison,PIT,LB,Knee,IR,Subscribers Only
Penny Hart,FA,WR,Concussion,Questionable,Subscribers Only
Montre Hartage,FA,S,Undisclosed,Questionable,Subscribers Only
Gus Hartwig,NYJ,C,Undisclosed,IR,Subscribers Only
Deonte Harty,FA,WR,Knee,Questionable,Subscribers Only
Kolby Harvell-Peel,FA,S,Hamstring,Questionable,Subscribers Only
Ahmed Hassanein,FA,DE,Pectoral,Questionable,Subscribers Only
Jerald Hawkins,FA,OT,Undisclosed,Questionable,Subscribers Only
Tayler Hawkins,FA,S,Undisclosed,Questionable,Subscribers Only
Tre Hawkins,FA,CB,Undisclosed,Questionable,Subscribers Only
Daelin Hayes,FA,LB,Undisclosed,Questionable,Subscribers Only
Christian Haynes,SEA,OG,Pectoral,IR-R,Subscribers Only
Joel Heath,FA,DE,Knee - ACL,Questionable,Subscribers Only
DeMarcco Hellams,ATL,S,Hamstring,Questionable,Subscribers Only
Xavier Henderson,FA,S,Undisclosed,Questionable,Subscribers Only
Matt Henningsen,DEN,DT,Achilles,IR,Subscribers Only
Ra'Shaun Henry,FA,WR,Undisclosed,Questionable,Subscribers Only
Nate Herbig,WAS,OG,Undisclosed,Reserve-Ret,Subscribers Only
Nick Herbig,PIT,LB,Hamstring,Questionable,Subscribers Only
Will Hernandez,ARI,OG,Knee - ACL,Questionable,Subscribers Only
Chandon Herring,FA,OG,Undisclosed,Questionable,Subscribers Only
Justin Herron,DET,OT,Undisclosed,IR,Subscribers Only
Jordan Hicks,CLE,LB,Undisclosed,Reserve-Ret,Subscribers Only
Brandon Hill,FA,S,Leg,Questionable,Subscribers Only
Taysom Hill,NO,TE,Knee - ACL,PUP-R,Subscribers Only
Troy Hill,FA,CB,Foot,Questionable,Subscribers Only
Trysten Hill,FA,DT,Undisclosed,Questionable,Subscribers Only
Dontrell Hilliard,FA,RB,Neck,Questionable,Subscribers Only
Kurt Hinish,HOU,DT,Undisclosed,PUP-R,Subscribers Only
Myles Hinton,PHI,OT,Undisclosed,IR-R,Subscribers Only
Nate Hobbs,GB,CB,Knee,Questionable,Subscribers Only
Cooper Hodges,JAX,OG,Knee,PUP-R,Subscribers Only
Curtis Hodges,FA,TE,Undisclosed,Questionable,Subscribers Only
Michael Hoecht,BUF,DE,Suspension,Reserve-Sus,Subscribers Only
Will Holden,FA,OT,Calf,Questionable,Subscribers Only
Justin Hollins,FA,LB,Undisclosed,Questionable,Subscribers Only
Cody Hollister,FA,WR,Neck,Questionable,Subscribers Only
Ka'dar Hollman,FA,CB,Knee - ACL,Questionable,Subscribers Only
Gavin Holmes,FA,CB,Undisclosed,Questionable,Subscribers Only
Travis Homer,CHI,RB,Calf,IR-R,Subscribers Only
Malik Hooker,DAL,S,Foot,Questionable,Subscribers Only
Jarveon Howard,FA,RB,Undisclosed,Questionable,Subscribers Only
Will Howard,PIT,QB,Hand,IR,Subscribers Only
Hayden Howerton,FA,OG,Undisclosed,Questionable,Subscribers Only
Jonathan Hubbard,FA,OT,Undisclosed,Questionable,Subscribers Only
Sam Hubbard,CIN,DE,Undisclosed,Reserve-Ret,Subscribers Only
Rodney Hudson,FA,C,Knee,Questionable,Subscribers Only
Tommy Hudson,FA,TE,Undisclosed,Questionable,Subscribers Only
Jalyx Hunt,PHI,LB,Hip,Questionable,Subscribers Only
Jontrey Hunter,FA,LB,Undisclosed,Questionable,Subscribers Only
Allen Hurns,FA,WR,Wrist,Questionable,Subscribers Only
John Hurst,FA,WR,Ankle,Questionable,Subscribers Only
Maurice Hurst,FA,DT,Ankle,Questionable,Subscribers Only
Alijah Huzzie,HOU,CB,Undisclosed,NFI-R,Subscribers Only
Ishmael Hyman,FA,WR,Undisclosed,Questionable,Subscribers Only
Germain Ifedi,MIA,OT,Undisclosed,IR,Subscribers Only
George Iloka,FA,S,Knee - ACL,Questionable,Subscribers Only
Ed Ingram,HOU,OG,Abdomen,Questionable,Subscribers Only
Keaontay Ingram,KC,RB,Undisclosed,IR,Subscribers Only
Matt Ioannidis,FA,DT,Back,Questionable,Subscribers Only
Isaiah Irving,FA,LB,Back,Questionable,Subscribers Only
Adisa Isaac,BAL,LB,Elbow,IR-R,Subscribers Only
Andy Isabella,FA,WR,Ankle,Questionable,Subscribers Only
Isaiah Iton,NE,DE,Hip,IR,Subscribers Only
Thomas Ives,FA,WR,Undisclosed,Questionable,Subscribers Only
Christian Izien,TB,S,Oblique,Questionable,Subscribers Only
Austin Jackson,MIA,OT,Toe,Questionable,Subscribers Only
Branden Jackson,FA,DE,Spine,Questionable,Subscribers Only
Dan Jackson,DET,S,Leg,IR,Subscribers Only
Drake Jackson,FA,DE,Knee,Questionable,Subscribers Only
Tarron Jackson,SF,DE,Undisclosed,IR,Subscribers Only
Trishton Jackson,ARI,WR,Thumb,IR,Subscribers Only
Tyree Jackson,WAS,TE,Undisclosed,IR,Subscribers Only
Warren Jackson,FA,WR,Undisclosed,Questionable,Subscribers Only
Craig James,FA,CB,Undisclosed,Questionable,Subscribers Only
Ja'Wuan James,FA,OT,Achilles,Questionable,Subscribers Only
Jordan James,SF,RB,Finger,Questionable,Subscribers Only
Jadon Janke,FA,WR,Undisclosed,Questionable,Subscribers Only
Trajan Jeffcoat,FA,DE,Undisclosed,Out,Subscribers Only
Malik Jefferson,FA,LB,Undisclosed,Questionable,Subscribers Only
Jordan Jenkins,FA,DE,Knee - ACL,Questionable,Subscribers Only
Jauan Jennings,SF,WR,Shoulder,Questionable,Subscribers Only
Nash Jensen,FA,OG,Undisclosed,Questionable,Subscribers Only
Josey Jewell,FA,LB,Concussion,Questionable,Subscribers Only
Jake Johanning,FA,OG,Undisclosed,Questionable,Subscribers Only
Alexander Johnson,FA,LB,Undisclosed,Questionable,Subscribers Only
Anthony Johnson,NYG,S,Undisclosed,PUP-R,Subscribers Only
Bisi Johnson,FA,WR,Knee - ACL,Questionable,Subscribers Only
Brandon Johnson,FA,WR,Foot,Questionable,Subscribers Only
Cedric Johnson,CIN,DE,Calf,IR-R,Subscribers Only
Jahmir Johnson,FA,OT,Undisclosed,Questionable,Subscribers Only
Jaylen Johnson,FA,WR,Undisclosed,Questionable,Subscribers Only
Jaylon Johnson,CHI,CB,Groin,Questionable,Subscribers Only
John Johnson,FA,S,Suspension,Reserve-Sus,Subscribers Only
Johnny Johnson,FA,WR,Arm,Questionable,Subscribers Only
Josh Johnson,FA,RB,Undisclosed,Questionable,Subscribers Only
Kyron Johnson,FA,LB,Undisclosed,Questionable,Subscribers Only
Lonnie Johnson,LV,S,Leg,IR-R,Subscribers Only
Nazeeh Johnson,KC,CB,Shoulder,IR-R,Subscribers Only
Roderick Johnson,FA,OT,Undisclosed,Questionable,Subscribers Only
Roschon Johnson,CHI,RB,Foot,Questionable,Subscribers Only
Taron Johnson,BUF,CB,Quadriceps,Questionable,Subscribers Only
Tyreek Johnson,FA,DE,Undisclosed,Questionable,Subscribers Only
Tysheem Johnson,FA,S,Undisclosed,Questionable,Subscribers Only
Willie Johnson,FA,WR,Undisclosed,Questionable,Subscribers Only
Xavier Johnson,FA,WR,Hand,Questionable,Subscribers Only
Shaun Jolly,FA,CB,Undisclosed,Questionable,Subscribers Only
Ben Jones,FA,C,Undisclosed,Questionable,Subscribers Only
Benito Jones,MIA,DT,Oblique,Questionable,Subscribers Only
Brett Jones,FA,C,Biceps,Questionable,Subscribers Only
Buddha Jones,FA,DT,Undisclosed,Questionable,Subscribers Only
Byron Jones,FA,CB,Achilles,Questionable,Subscribers Only
Chris Jones,FA,P,Abdomen,Questionable,Subscribers Only
Christian Jones,ARI,OT,Knee,IR-R,Subscribers Only
Dawand Jones,CLE,OT,Knee,Questionable,Subscribers Only
Devin Jones,FA,CB,Undisclosed,Questionable,Subscribers Only
Emery Jones,BAL,OG,Shoulder - Labrum,NFI-R,Subscribers Only
Emory Jones,ATL,QB,Concussion,IR,Subscribers Only
Ernest Jones,SEA,LB,Shoulder,Questionable,Subscribers Only
Jamarco Jones,DET,OT,Ankle,IR,Subscribers Only
Jaylen Jones,FA,S,Undisclosed,Questionable,Subscribers Only
Jaylon Jones,IND,CB,Hamstring,Questionable,Subscribers Only
Joe Jones,FA,LB,Finger,Questionable,Subscribers Only
Josh Jones,FA,S,Hamstring,Questionable,Subscribers Only
Justin Jones,ARI,DT,Knee,IR,Subscribers Only
Keandre Jones,FA,LB,Undisclosed,Questionable,Subscribers Only
Patrick Jones,CAR,LB,Ankle,Questionable,Subscribers Only
Rob Jones,DAL,OG,Neck,IR,Subscribers Only
Velus Jones,NO,RB,Knee,Questionable,Subscribers Only
Xavier Jones,FA,RB,Achilles,Questionable,Subscribers Only
Brevin Jordan,HOU,TE,Knee,IR,Subscribers Only
Lamarcus Joyner,FA,S,Hip,Questionable,Subscribers Only
Quinshon Judkins,CLE,RB,Undisclosed,Reserve-CEL,Subscribers Only
Gregory Junior,FA,CB,Hamstring,Questionable,Subscribers Only
Dalton Keene,FA,TE,Leg,Questionable,Subscribers Only
Silas Kelly,FA,LB,Undisclosed,Questionable,Subscribers Only
Anthony Kendall,CLE,CB,Undisclosed,IR,Subscribers Only
Donte Kent,PIT,CB,Foot,IR,Subscribers Only
Lawrence Keys,FA,WR,Leg,Questionable,Subscribers Only
Corey Kiner,FA,RB,Ankle,Questionable,Subscribers Only
Brandon King,FA,LB,Hamstring,Questionable,Subscribers Only
Kevin King,FA,CB,Undisclosed,Questionable,Subscribers Only
Christian Kirk,HOU,WR,Hamstring,Questionable,Subscribers Only
Dre Kirkpatrick,FA,CB,Ankle,Questionable,Subscribers Only
Micah Kiser,FA,LB,Leg,Questionable,Subscribers Only
George Kittle,SF,TE,Hamstring,IR,Subscribers Only
Dawson Knox,BUF,TE,Hip,Questionable,Subscribers Only
Trey Knox,FA,TE,Undisclosed,Questionable,Subscribers Only
Kader Kohou,MIA,CB,Knee - ACL,IR,Subscribers Only
Bilhal Kone,BAL,CB,Knee,IR,Subscribers Only
Doug Kramer,FA,C,Foot,Questionable,Subscribers Only
Jake Kumerow,FA,WR,Back,Questionable,Subscribers Only
Jordan Kunaszyk,FA,LB,Undisclosed,Questionable,Subscribers Only
William Kwenkeu,FA,LB,Undisclosed,Questionable,Subscribers Only
Bruno Labelle,FA,TE,Undisclosed,Questionable,Subscribers Only
Chris Lacy,FA,WR,Undisclosed,Questionable,Subscribers Only
Dayan Lake,FA,CB,Undisclosed,Questionable,Subscribers Only
Forrest Lamp,FA,OG,Undisclosed,Questionable,Subscribers Only
Brock Lampe,NE,RB,Undisclosed,IR,Subscribers Only
Willie Lampkin,PHI,C,Leg,IR,Subscribers Only
Matt Landers,FA,WR,Undisclosed,Questionable,Subscribers Only
Harold Landry,NE,LB,Foot,Questionable,Subscribers Only
Lan Larison,NE,RB,Foot,IR,Subscribers Only
Ted Larsen,FA,OG,Knee,Questionable,Subscribers Only
Tyler Larsen,FA,C,Knee,Questionable,Subscribers Only
Scott Lashley,FA,OT,Undisclosed,Questionable,Subscribers Only
JC Latham,TEN,OT,Hip,Questionable,Subscribers Only
Laiatu Latu,IND,DE,Hamstring,Questionable,Subscribers Only
Dallin Leavitt,FA,S,Undisclosed,Questionable,Subscribers Only
Cre'von LeBlanc,FA,CB,Undisclosed,Questionable,Subscribers Only
Jonathan Ledbetter,FA,DT,Knee,Questionable,Subscribers Only
Darron Lee,FA,LB,Undisclosed,Questionable,Subscribers Only
Montana Lemonious-Craig,FA,WR,Lower Body,Questionable,Subscribers Only
Charles Leno,FA,OT,Hip,Questionable,Subscribers Only
Deane Leonard,LAC,CB,Leg,IR-R,Subscribers Only
Will Levis,TEN,QB,Shoulder,IR,Subscribers Only
Jason Lewan,FA,DE,Back,Questionable,Subscribers Only
Taylor Lewan,FA,OT,Knee - ACL,Questionable,Subscribers Only
Donnie Lewis,FA,CB,Undisclosed,Questionable,Subscribers Only
Tommylee Lewis,FA,WR,Hip,Questionable,Subscribers Only
Isaiah Likely,BAL,TE,Foot,Questionable,Subscribers Only
Greg Little,FA,OT,Back,Questionable,Subscribers Only
MarShawn Lloyd,GB,RB,Hamstring,IR-R,Subscribers Only
Justin Lockhart,FA,WR,Undisclosed,Questionable,Subscribers Only
Drake London,ATL,WR,Shoulder,Questionable,Subscribers Only
David Long,FA,CB,Groin,Questionable,Subscribers Only
David Long,FA,LB,Undisclosed,Questionable,Subscribers Only
Greg Long,FA,OT,Undisclosed,Questionable,Subscribers Only
Robert Longerbeam,BAL,CB,Knee,IR,Subscribers Only
Bryce Love,FA,RB,Knee,Questionable,Subscribers Only
Julian Love,SEA,S,Groin,Questionable,Subscribers Only
John Lovett,FA,FB,Undisclosed,Questionable,Subscribers Only
Dean Lowry,PIT,DE,Knee,IR,Subscribers Only
Corey Luciano,FA,C,Undisclosed,Questionable,Subscribers Only
Tyler Mabry,FA,TE,Undisclosed,Questionable,Subscribers Only
Alize Mack,FA,TE,Undisclosed,Questionable,Subscribers Only
Ledarius Mack,FA,LB,Undisclosed,Questionable,Subscribers Only
Marlon Mack,FA,RB,Achilles,Questionable,Subscribers Only
Cole Madison,FA,OG,Knee - ACL,Questionable,Subscribers Only
Nnamdi Madubuike,BAL,DT,Ankle,Questionable,Subscribers Only
Phil Mafah,DAL,RB,Shoulder,IR,Subscribers Only
Jason Maitre,MIA,CB,Undisclosed,IR,Subscribers Only
Tyler Manoa,FA,DT,Suspension,Reserve-Sus,Subscribers Only
Marte Mapu,NE,S,Neck,Questionable,Subscribers Only
Cassius Marsh,FA,LB,Knee,Questionable,Subscribers Only
Kamal Martin,FA,LB,Undisclosed,Questionable,Subscribers Only
Koda Martin,FA,OG,Undisclosed,Questionable,Subscribers Only
Marcus Martin,FA,C,Undisclosed,Questionable,Subscribers Only
Zack Martin,FA,OG,Ankle,Questionable,Subscribers Only
Ben Mason,FA,TE,Undisclosed,Questionable,Subscribers Only
Tyrann Mathieu,NO,S,Undisclosed,Reserve-Ret,Subscribers Only
Damarri Mathis,CAR,CB,Knee - ACL,IR,Subscribers Only
Bayron Matos,FA,OT,Upper Body,Questionable,Subscribers Only
Christian Matthew,FA,CB,Groin,Questionable,Subscribers Only
Alexander Mattison,MIA,RB,Neck,IR,Subscribers Only
Marcus Maye,FA,S,Ankle,Questionable,Subscribers Only
Nate McCrary,FA,RB,Undisclosed,Questionable,Subscribers Only
Marcelino McCrary-Ball,NYJ,LB,Calf,Questionable,Subscribers Only
Justin McCray,FA,OG,Calf,Questionable,Subscribers Only
Cameron McCutcheon,FA,CB,Undisclosed,Questionable,Subscribers Only
Cade McDonald,CLE,WR,Undisclosed,IR,Subscribers Only
Codey McElroy,FA,TE,Foot,Questionable,Subscribers Only
Micah McFadden,NYG,LB,Foot,Out,Subscribers Only
Kaleb McGary,ATL,OT,Leg,IR,Subscribers Only
Kenny McIntosh,SEA,RB,Knee - ACL,IR,Subscribers Only
Tanner McKee,PHI,QB,Thumb,Questionable,Subscribers Only
Anthony McKinney,FA,OT,Undisclosed,Questionable,Subscribers Only
J.D. McKissic,FA,RB,Neck,Questionable,Subscribers Only
Tanner McLachlan,FA,TE,Undisclosed,Questionable,Subscribers Only
Jalen McLeod,JAX,LB,Lower Body,IR-R,Subscribers Only
Sherrick McManis,FA,S,Hamstring,Questionable,Subscribers Only
Jalen McMillan,TB,WR,Neck,IR-R,Subscribers Only
Alim McNeill,DET,DT,Knee - ACL,PUP-R,Subscribers Only
Zech McPhearson,FA,CB,Undisclosed,Questionable,Subscribers Only
Tony McRae,FA,CB,Knee,Questionable,Subscribers Only
Nate Meadors,FA,S,Undisclosed,Questionable,Subscribers Only
Montrel Meander,FA,LB,Achilles,Questionable,Subscribers Only
Bub Means,NO,WR,Lower Leg,IR,Subscribers Only
Steven Means,FA,LB,Achilles,Questionable,Subscribers Only
Obi Melifonwu,FA,S,Undisclosed,Questionable,Subscribers Only
Nicolas Melsop,FA,OG,Undisclosed,Questionable,Subscribers Only
Bo Melton,GB,CB,Shoulder,Out,Subscribers Only
Forrest Merrill,FA,DT,Undisclosed,Questionable,Subscribers Only
Ellis Merriweather,FA,RB,Undisclosed,Out,Subscribers Only
Andrew Meyer,MIA,C,Undisclosed,IR-R,Subscribers Only
Rylie Mills,SEA,DT,Knee - ACL,NFI-R,Subscribers Only
Wyatt Milum,JAX,OT,Knee,Questionable,Subscribers Only
Amarius Mims,CIN,OT,Ankle,Questionable,Subscribers Only
Jonathan Mingo,DAL,WR,Knee - PCL,IR-R,Subscribers Only
Osirus Mitchell,FA,WR,Quadriceps,Questionable,Subscribers Only
Joe Mixon,HOU,RB,Foot,NFI-R,Subscribers Only
Taquan Mizzell,FA,WR,Undisclosed,Questionable,Subscribers Only
Donte Moncrief,FA,WR,Undisclosed,Questionable,Subscribers Only
Henry Mondeaux,FA,DE,Undisclosed,Questionable,Subscribers Only
Bryan Mone,FA,DT,Knee - ACL,Questionable,Subscribers Only
Jacob Monk,GB,C,Hamstring,IR-R,Subscribers Only
Jarius Monroe,FA,S,Undisclosed,Questionable,Subscribers Only
D.J. Montgomery,IND,WR,Undisclosed,IR,Subscribers Only
Jeremiah Moon,FA,LB,Calf,Questionable,Subscribers Only
Darnell Mooney,ATL,WR,Shoulder,Questionable,Subscribers Only
J'Mon Moore,FA,WR,Undisclosed,Questionable,Subscribers Only
Jaylon Moore,FA,WR,Undisclosed,Questionable,Subscribers Only
Rondale Moore,MIN,WR,Knee,IR,Subscribers Only
T.J. Moore,NYG,CB,Upper Leg,IR,Subscribers Only
Tanner Mordecai,FA,QB,Undisclosed,Questionable,Subscribers Only
Foster Moreau,NO,TE,Knee,PUP-R,Subscribers Only
Jimmy Moreland,FA,CB,Suspension,Out,Subscribers Only
Benjamin Morrison,TB,CB,Quadriceps,Questionable,Subscribers Only
Emmanuel Moseley,FA,CB,Illness,Questionable,Subscribers Only
Morgan Moses,NE,OT,Foot,Questionable,Subscribers Only
C.J. Mosley,FA,LB,Neck,Questionable,Subscribers Only
Jordan Mosley,FA,S,Undisclosed,Questionable,Subscribers Only
Zack Moss,FA,RB,Neck,Questionable,Subscribers Only
T.D. Moultry,FA,LB,Undisclosed,Questionable,Subscribers Only
Moose Muhammad,FA,WR,Undisclosed,Questionable,Subscribers Only
Kalel Mullings,TEN,RB,Ankle,Questionable,Subscribers Only
Kyle Murphy,FA,OG,Ankle,Questionable,Subscribers Only
Sean Murphy-Bunting,ARI,CB,Knee,NFI-R,Subscribers Only
Bill Murray,FA,OG,Undisclosed,Questionable,Subscribers Only
Chris Murray,FA,C,Undisclosed,Questionable,Subscribers Only
Jordan Murray,FA,TE,Groin,Questionable,Subscribers Only
Alexander Musch Williams,MIN,DT,Undisclosed,IR,Subscribers Only
Malik Mustapha,SF,S,Knee - ACL,PUP-R,Subscribers Only
Malik Nabers,NYG,WR,Back,Questionable,Subscribers Only
Hamsah Nasirildeen,FA,LB,Neck,Questionable,Subscribers Only
Isaac Nauta,FA,TE,Undisclosed,Questionable,Subscribers Only
Sharrod Neasman,FA,S,Undisclosed,Questionable,Subscribers Only
Jack Nelson,ATL,OT,Calf,Questionable,Subscribers Only
Matt Nelson,MIN,OT,Undisclosed,IR,Subscribers Only
Nick Nelson,FA,CB,Undisclosed,Questionable,Subscribers Only
Lucas Niang,WAS,OT,Knee - ACL,IR,Subscribers Only
Bilal Nichols,ARI,DT,Neck,PUP-R,Subscribers Only
Hardy Nickerson,FA,LB,Concussion,Questionable,Subscribers Only
Elijah Nkansah,FA,OT,Undisclosed,Questionable,Subscribers Only
Desmond Noel,FA,OG,Undisclosed,Questionable,Subscribers Only
Walter Nolen,ARI,DT,Calf,PUP-R,Subscribers Only
Quinn Nordin,FA,K,Undisclosed,Questionable,Subscribers Only
Omarr Norman-Lott,KC,DT,Ankle,Questionable,Subscribers Only
Jared Norris,FA,LB,Shoulder,Questionable,Subscribers Only
Morice Norris,FA,S,Concussion,Questionable,Subscribers Only
Storm Norton,ATL,OT,Ankle,IR-R,Subscribers Only
Trevor Nowaske,DET,LB,Elbow,Questionable,Subscribers Only
Kene Nwangwu,NYJ,RB,Hamstring,Questionable,Subscribers Only
Aidan O'Connell,LV,QB,Wrist,IR,Subscribers Only
Nick O'Leary,FA,TE,Chest,Questionable,Subscribers Only
Leon O'Neal,FA,S,Undisclosed,Questionable,Subscribers Only
Raiqwon O'Neal,FA,OG,Undisclosed,Questionable,Subscribers Only
Ifeadi Odenigbo,FA,DE,Undisclosed,Questionable,Subscribers Only
Chris Odom,FA,DE,Knee - ACL,Questionable,Subscribers Only
George Odum,FA,S,Elbow,Questionable,Subscribers Only
Amen Ogbongbemiga,CHI,LB,Undisclosed,IR-R,Subscribers Only
Larry Ogunjobi,BUF,DT,Suspension,Reserve-Sus,Subscribers Only
BJ Ojulari,ARI,DE,Knee - ACL,PUP-R,Subscribers Only
Chukwuma Okorafor,NYJ,OT,Hand,Questionable,Subscribers Only
Jeff Okudah,MIN,CB,Concussion,Questionable,Subscribers Only
Jordan Oladokun,LAC,CB,Undisclosed,IR,Subscribers Only
Collin Oliver,GB,DE,Hamstring,PUP-R,Subscribers Only
Sewo Olonilua,FA,FB,Neck,Questionable,Subscribers Only
Levi Onwuzurike,DET,DT,Knee - ACL,PUP-R,Subscribers Only
Anfernee Orji,TEN,LB,Knee - ACL,IR,Subscribers Only
Justin Osborne,CLE,C,Undisclosed,IR,Subscribers Only
Joe Ostman,FA,DE,Undisclosed,Questionable,Subscribers Only
DeMarvion Overshown,DAL,LB,Knee - ACL + MCL,PUP-R,Subscribers Only
Tanner Owen,FA,OT,Illness,Questionable,Subscribers Only
Wande Owens,BUF,S,Undisclosed,IR,Subscribers Only
Jeremiah Owusu-Koramoah,CLE,LB,Neck,PUP-R,Subscribers Only
Eli Pancol,FA,WR,Undisclosed,Questionable,Subscribers Only
Andrew Parchment,FA,WR,Undisclosed,Questionable,Subscribers Only
Donald Parham,PIT,TE,Achilles,IR,Subscribers Only
Colby Parkinson,LAR,TE,Shoulder - AC Joint,Questionable,Subscribers Only
Roman Parodie,FA,CB,Undisclosed,Questionable,Subscribers Only
Micah Parsons,GB,DE,Back,Questionable,Subscribers Only
Josh Paschal,DET,DE,Undisclosed,NFI-R,Subscribers Only
Lucas Patrick,CIN,OG,Calf,IR,Subscribers Only
Jaret Patterson,FA,RB,Undisclosed,Questionable,Subscribers Only
Rico Payton,NYG,CB,Undisclosed,IR,Subscribers Only
James Pearce,ATL,DE,Groin,Questionable,Subscribers Only
Josh Pederson,FA,TE,Ankle,Questionable,Subscribers Only
Trevor Penning,NO,OT,Toe,Questionable,Subscribers Only
David Perales,FA,LB,Knee - MCL,Questionable,Subscribers Only
Denzel Perryman,LAC,LB,Ankle,Questionable,Subscribers Only
Jordan Perryman,FA,CB,Undisclosed,Questionable,Subscribers Only
Tautala Pesefea,FA,DT,Undisclosed,Questionable,Subscribers Only
Jordan Petaia,FA,TE,Undisclosed,Questionable,Subscribers Only
Shaun Peterson,FA,LB,Undisclosed,Questionable,Subscribers Only
Jacob Phillips,IND,LB,Biceps,IR,Subscribers Only
Nathan Pickering,FA,DT,Undisclosed,Questionable,Subscribers Only
Joshua Pickett,FA,CB,Hand,Questionable,Subscribers Only
Michael Pierce,BAL,DT,Undisclosed,Reserve-Ret,Subscribers Only
Kevin Pierre-Louis,FA,LB,Groin,Questionable,Subscribers Only
Jared Pinkney,FA,TE,Undisclosed,Questionable,Subscribers Only
Thyrick Pitts,FA,WR,Undisclosed,Questionable,Subscribers Only
Mason Pline,NO,TE,Upper Body,IR,Subscribers Only
John Rhys Plumlee,FA,WR,Undisclosed,Questionable,Subscribers Only
Quentin Poling,FA,LB,Undisclosed,Questionable,Subscribers Only
Ja'Lynn Polk,NE,WR,Shoulder,IR,Subscribers Only
Elijah Ponder,FA,LB,Undisclosed,Questionable,Subscribers Only
Troymaine Pope,FA,RB,Undisclosed,Questionable,Subscribers Only
Joey Porter,PIT,CB,Hamstring,Questionable,Subscribers Only
Kaden Prather,FA,WR,Undisclosed,Questionable,Subscribers Only
Michael Pratt,FA,QB,Back,Questionable,Subscribers Only
Deneric Prince,NE,RB,Undisclosed,IR,Subscribers Only
Isaiah Prince,FA,OT,Knee,Questionable,Subscribers Only
Austin Proehl,FA,WR,Undisclosed,Questionable,Subscribers Only
Brock Purdy,SF,QB,Toe,Questionable,Subscribers Only
Brent Qvale,FA,OT,Undisclosed,Questionable,Subscribers Only
Kevin Rader,FA,TE,Undisclosed,Questionable,Subscribers Only
Trey Ragas,FA,RB,Undisclosed,Questionable,Subscribers Only
Reggie Ragland,FA,LB,Shoulder,Questionable,Subscribers Only
Frank Ragnow,DET,C,Undisclosed,Reserve-Ret,Subscribers Only
Ennis Rakestraw,DET,CB,Shoulder,IR,Subscribers Only
Charleston Rambo,FA,WR,Undisclosed,Questionable,Subscribers Only
Ryan Ramczyk,NO,OT,Undisclosed,Reserve-Ret,Subscribers Only
Keith Randolph,FA,DT,Undisclosed,Questionable,Subscribers Only
Caleb Ransaw,JAX,CB,Lower Body,IR,Subscribers Only
LaBryan Ray,CAR,DE,Ankle,IR-R,Subscribers Only
Wyatt Ray,FA,LB,Undisclosed,Questionable,Subscribers Only
Jalen Reagor,FA,WR,Undisclosed,Questionable,Subscribers Only
Alex Redmond,FA,OG,Undisclosed,Questionable,Subscribers Only
Jarran Reed,SEA,DT,Back,Questionable,Subscribers Only
Jaylen Reed,HOU,S,Ankle,IR-R,Subscribers Only
Joe Reed,FA,WR,Undisclosed,Questionable,Subscribers Only
Louis Rees-Zammit,FA,WR,Lower Back,Questionable,Subscribers Only
Trevor Reid,FA,OT,Undisclosed,Questionable,Subscribers Only
Winston Reid,CLE,LB,Back,IR-R,Subscribers Only
Riley Reiff,FA,OG,Knee,Questionable,Subscribers Only
Tip Reiman,ARI,TE,Foot,Questionable,Subscribers Only
Hunter Renfrow,CAR,WR,Ribs,Questionable,Subscribers Only
Shavon Revel,DAL,CB,Knee - ACL,NFI-R,Subscribers Only
Ross Reynolds,FA,OG,Undisclosed,Questionable,Subscribers Only
Patrick Ricard,BAL,FB,Calf,Questionable,Subscribers Only
Rashee Rice,KC,WR,Suspension,Reserve-Sus,Subscribers Only
Hassan Ridgeway,FA,DT,Achilles,Questionable,Subscribers Only
John Ridgeway,NO,DT,Pectoral,IR-R,Subscribers Only
Curtis Riley,FA,S,Achilles,Questionable,Subscribers Only
Marcus Riley,FA,WR,Undisclosed,Questionable,Subscribers Only
Chauncey Rivers,FA,LB,Knee - ACL,Questionable,Subscribers Only
Malcolm Roach,DEN,DT,Calf,IR,Subscribers Only
Tre Roberson,FA,CB,Concussion,Questionable,Subscribers Only
Elandon Roberts,LV,LB,Elbow,Questionable,Subscribers Only
J.J. Roberts,TB,S,Knee,IR,Subscribers Only
Kye Robichaux,DET,RB,Undisclosed,IR,Subscribers Only
Aaron Robinson,FA,CB,Knee - ACL + MCL,Questionable,Subscribers Only
Demarcus Robinson,SF,WR,Suspension,Reserve-Sus,Subscribers Only
Jakob Robinson,SF,CB,Forearm,IR,Subscribers Only
Janarius Robinson,KC,DE,Foot,IR,Subscribers Only
Layden Robinson,NE,OG,Undisclosed,IR,Subscribers Only
Rashard Robinson,FA,CB,Undisclosed,Questionable,Subscribers Only
Reggie Robinson,FA,CB,Undisclosed,Questionable,Subscribers Only
Tayvion Robinson,FA,WR,Undisclosed,Questionable,Subscribers Only
Wan'Dale Robinson,NYG,WR,Ankle,Questionable,Subscribers Only
Quincy Roche,FA,LB,Undisclosed,Questionable,Subscribers Only
Bryce Rodgers,FA,DT,Undisclosed,Questionable,Subscribers Only
Richard Rodgers,FA,TE,Knee,Questionable,Subscribers Only
Malcolm Rodriguez,DET,LB,Knee - ACL,PUP-R,Subscribers Only
Armani Rogers,FA,TE,Achilles,Questionable,Subscribers Only
Eric Rogers,LAC,CB,Undisclosed,IR,Subscribers Only
Aldrick Rosas,FA,K,Undisclosed,Questionable,Subscribers Only
Daniel Ross,FA,DT,Undisclosed,Questionable,Subscribers Only
John Ross,FA,WR,Undisclosed,Questionable,Subscribers Only
Bunmi Rotimi,FA,DE,Foot,Questionable,Subscribers Only
Kurtis Rourke,SF,QB,Knee,NFI-R,Subscribers Only
Greg Rousseau,BUF,DE,Knee,Questionable,Subscribers Only
Jaquelin Roy,NE,DT,Undisclosed,IR,Subscribers Only
Jalen Royals,KC,WR,Knee,Questionable,Subscribers Only
Wayne Ruby,FA,WR,Undisclosed,Questionable,Subscribers Only
Trey Rucker,FA,S,Undisclosed,Questionable,Subscribers Only
J.J. Russell,ARI,LB,Concussion,IR,Subscribers Only
Nick Saldiveri,NO,OG,Knee,IR,Subscribers Only
Christian Sam,FA,LB,Undisclosed,Questionable,Subscribers Only
Asante Samuel,FA,CB,Neck,Questionable,Subscribers Only
Drew Sanders,DEN,LB,Foot,IR-R,Subscribers Only
Jason Sanders,MIA,K,Hip,IR-R,Subscribers Only
DJ Scaife,FA,OT,Leg,Questionable,Subscribers Only
Sam Schlueter,FA,OT,Illness,Questionable,Subscribers Only
Anthony Schwartz,FA,WR,Knee,Questionable,Subscribers Only
Wes Schweitzer,NE,C,Undisclosed,Reserve-Ret,Subscribers Only
Eric Scott,KC,CB,Undisclosed,IR,Subscribers Only
Zavier Scott,MIN,RB,Ankle,Questionable,Subscribers Only
Ricky Seals-Jones,FA,TE,Foot,Questionable,Subscribers Only
Austin Seibert,FA,K,Groin,Questionable,Subscribers Only
Valentin Senn,ARI,OT,Undisclosed,IR,Subscribers Only
Kevon Seymour,FA,CB,Undisclosed,Questionable,Subscribers Only
Liam Shanahan,FA,C,Undisclosed,Questionable,Subscribers Only
Tajae Sharpe,FA,WR,Undisclosed,Questionable,Subscribers Only
Kendall Sheffield,FA,CB,Undisclosed,Questionable,Subscribers Only
Tyler Shelvin,FA,DT,Undisclosed,Questionable,Subscribers Only
Darrius Shepherd,FA,WR,Undisclosed,Questionable,Subscribers Only
Dakoda Shepley,FA,OG,Ankle,Questionable,Subscribers Only
Will Shipley,PHI,RB,Oblique,Questionable,Subscribers Only
Lachavious Simmons,FA,OG,Undisclosed,Questionable,Subscribers Only
Marcus Simms,FA,WR,Undisclosed,Questionable,Subscribers Only
Cody Simon,ARI,LB,Concussion,Questionable,Subscribers Only
Cam Sims,FA,WR,Undisclosed,Questionable,Subscribers Only
Steven Sims,FA,WR,Hamstring,Questionable,Subscribers Only
Tuzar Skipper,FA,LB,Undisclosed,Questionable,Subscribers Only
Jacob Slade,PIT,DT,Undisclosed,IR,Subscribers Only
Rashawn Slater,LAC,OT,Kneecap,IR,Subscribers Only
Jabari Small,FA,RB,Undisclosed,Questionable,Subscribers Only
Ryan Smenda,FA,LB,Undisclosed,Questionable,Subscribers Only
Cam Smith,MIA,CB,Undisclosed,NFI-R,Subscribers Only
Elerson Smith,CLE,DE,Undisclosed,Reserve-Ret,Subscribers Only
Harrison Smith,MIN,S,Illness,Questionable,Subscribers Only
Irv Smith,HOU,TE,Ankle,IR,Subscribers Only
Jaden Smith,TB,WR,Undisclosed,IR,Subscribers Only
Jeff Smith,FA,WR,Undisclosed,Questionable,Subscribers Only
Keith Smith,FA,FB,Ankle,Questionable,Subscribers Only
Maurice Smith,FA,S,Undisclosed,Questionable,Subscribers Only
Shi Smith,FA,WR,Suspension,Reserve-Sus,Subscribers Only
Terell Smith,CHI,CB,Knee,IR,Subscribers Only
Trey Smith,KC,OG,Knee,Questionable,Subscribers Only
Tyler Smith,FA,OT,Undisclosed,Questionable,Subscribers Only
James Smith-Williams,FA,LB,Lower Leg,Questionable,Subscribers Only
Dylan Soehner,FA,TE,Undisclosed,Questionable,Subscribers Only
Colby Sorsdal,DET,OT,Undisclosed,IR,Subscribers Only
Tyjae Spears,TEN,RB,Ankle,IR-R,Subscribers Only
Baylon Spector,FA,LB,Calf,Questionable,Subscribers Only
Ameer Speed,FA,CB,Undisclosed,Questionable,Subscribers Only
Jeremy Sprinkle,FA,TE,Achilles,Questionable,Subscribers Only
DeAndre Square,FA,LB,Undisclosed,Questionable,Subscribers Only
Equanimeous St. Brown,FA,WR,Foot,Questionable,Subscribers Only
Taylor Stallworth,FA,DT,Undisclosed,Questionable,Subscribers Only
Jayson Stanley,FA,CB,Knee,Questionable,Subscribers Only
Rory Starkey,FA,WR,Calf,Questionable,Subscribers Only
Wesley Steiner,FA,FB,Undisclosed,Questionable,Subscribers Only
John Stephens,DAL,TE,Undisclosed,IR,Subscribers Only
Markese Stepp,FA,RB,Undisclosed,Questionable,Subscribers Only
Tyarise Stevenson,FA,DT,Shoulder - AC Joint,Questionable,Subscribers Only
Darius Stills,FA,DT,Undisclosed,Questionable,Subscribers Only
Drake Stoops,FA,WR,Suspension,Reserve-Sus,Subscribers Only
Eli Stove,FA,WR,Knee - ACL,Questionable,Subscribers Only
Cade Stover,HOU,TE,Foot,IR,Subscribers Only
Greg Stroman,FA,CB,Shin,Questionable,Subscribers Only
Stephen Sullivan,FA,TE,Knee,Out,Subscribers Only
Ty Summers,FA,LB,Undisclosed,Questionable,Subscribers Only
Nick Sundberg,FA,C,Elbow,Questionable,Subscribers Only
Sage Surratt,FA,TE,Ankle,Questionable,Subscribers Only
Keaton Sutherland,FA,OG,Undisclosed,Questionable,Subscribers Only
Geoff Swaim,FA,TE,Concussion,Questionable,Subscribers Only
Freddie Swain,FA,WR,Undisclosed,Questionable,Subscribers Only
Jordan Swann,FA,CB,Undisclosed,Questionable,Subscribers Only
Tommy Sweeney,FA,TE,Undisclosed,Out,Subscribers Only
Ryan Swoboda,FA,OT,Undisclosed,Questionable,Subscribers Only
Donte Sylencieux,FA,WR,Undisclosed,Questionable,Subscribers Only
Marcus Tate,FA,OG,Undisclosed,Questionable,Subscribers Only
Jahlani Tavai,NE,LB,Undisclosed,IR-R,Subscribers Only
Jonah Tavai,FA,DT,Undisclosed,Questionable,Subscribers Only
Calvin Taylor,FA,DE,Undisclosed,Questionable,Subscribers Only
Leonard Taylor,FA,TE,Undisclosed,Questionable,Subscribers Only
Mason Taylor,NYJ,TE,Ankle,Questionable,Subscribers Only
Patrick Taylor,SF,RB,Shoulder,IR,Subscribers Only
Trent Taylor,SF,WR,Undisclosed,IR,Subscribers Only
Vincent Taylor,FA,DT,Achilles,Questionable,Subscribers Only
Armani Taylor-Prioleau,FA,OT,Undisclosed,Questionable,Subscribers Only
Isaac Taylor-Stuart,FA,CB,Undisclosed,Questionable,Subscribers Only
Marvell Tell,FA,CB,Undisclosed,Questionable,Subscribers Only
Jermaine Terry,FA,TE,Undisclosed,Questionable,Subscribers Only
Sam Tevi,FA,OT,Knee - ACL,Questionable,Subscribers Only
Andrew Thomas,NYG,OT,Foot,Questionable,Subscribers Only
Keir Thomas,LAR,LB,Undisclosed,IR,Subscribers Only
Mike Thomas,FA,WR,Shoulder - Labrum,Questionable,Subscribers Only
Starling Thomas,ARI,CB,Knee - ACL,IR,Subscribers Only
DeAndre Thompkins,FA,WR,Undisclosed,Questionable,Subscribers Only
BJ Thompson,KC,DE,Chest,NFI-R,Subscribers Only
Chris Thompson,FA,WR,Undisclosed,Questionable,Subscribers Only
Shaq Thompson,BUF,LB,Hamstring,Questionable,Subscribers Only
Skylar Thompson,PIT,QB,Hamstring,IR,Subscribers Only
Levine Toilolo,FA,TE,Achilles,Questionable,Subscribers Only
Zach Tom,GB,OT,Oblique,Questionable,Subscribers Only
Tre Tomlinson,SF,CB,Undisclosed,IR,Subscribers Only
Anthony Torres,FA,TE,Ankle,Questionable,Subscribers Only
Drue Tranquill,KC,LB,Knee,Questionable,Subscribers Only
Badara Traore,FA,OT,Knee,Questionable,Subscribers Only
Jordan Travis,NYJ,QB,Lower Leg,Reserve-Ret,Subscribers Only
Bralen Trice,ATL,LB,Knee,IR,Subscribers Only
Cory Trice,PIT,CB,Hamstring,IR-R,Subscribers Only
Justin Tucker,FA,K,Suspension,Reserve-Sus,Subscribers Only
Jay Tufele,NYJ,DT,Illness,Questionable,Subscribers Only
Jacob Tuioti-Mariner,FA,LB,Knee,Questionable,Subscribers Only
Kemoko Turay,FA,DE,Undisclosed,Questionable,Subscribers Only
DJ Turner,FA,WR,Knee,Questionable,Subscribers Only
Ezekiel Turner,DET,LB,Foot,IR,Subscribers Only
Payton Turner,DAL,DE,Ribs,IR-R,Subscribers Only
Trai Turner,FA,OG,Quadriceps,Questionable,Subscribers Only
Chris Tyree,FA,WR,Undisclosed,Questionable,Subscribers Only
Lwal Uguak,FA,DT,Undisclosed,Questionable,Subscribers Only
C.J. Uzomah,FA,TE,Abdomen,Questionable,Subscribers Only
Halapoulivaati Vaitai,FA,OG,Back,Questionable,Subscribers Only
Sione Vaki,DET,RB,Hamstring,Questionable,Subscribers Only
Andrew Van Ginkel,MIN,LB,Concussion,Questionable,Subscribers Only
Zeke Vandenburgh,FA,LB,Leg,Questionable,Subscribers Only
Ben VanSumeren,PHI,FB,Knee,IR,Subscribers Only
Zach VanValkenburg,FA,LB,Undisclosed,Questionable,Subscribers Only
Alijah Vera-Tucker,NYJ,OG,Triceps,IR,Subscribers Only
Malik Verdon,ATL,S,Undisclosed,NFI-R,Subscribers Only
Olivier Vernon,FA,DE,Achilles,Questionable,Subscribers Only
Jason Verrett,FA,CB,Shoulder,Questionable,Subscribers Only
Jalen Virgil,FA,WR,Hamstring,Questionable,Subscribers Only
Cordell Volson,CIN,OG,Shoulder,IR,Subscribers Only
Jaylen Waddle,MIA,WR,Shoulder,Questionable,Subscribers Only
Dayton Wade,BAL,WR,Ribs,IR,Subscribers Only
Shaun Wade,FA,CB,Undisclosed,Questionable,Subscribers Only
David Walker,TB,DE,Knee,IR,Subscribers Only
Johnny Walker,DEN,LB,Undisclosed,IR,Subscribers Only
Michael Walker,FA,WR,Undisclosed,Questionable,Subscribers Only
Tracy Walker,FA,S,Suspension,Reserve-Sus,Subscribers Only
Levi Wallace,FA,CB,Undisclosed,Questionable,Subscribers Only
Darren Waller,MIA,TE,Hip,Questionable,Subscribers Only
Justin Walley,IND,CB,Knee - ACL,IR,Subscribers Only
Austin Walter,FA,RB,Undisclosed,Questionable,Subscribers Only
Charvarius Ward,IND,CB,Concussion,Questionable,Subscribers Only
Denzel Ward,CLE,CB,Shoulder,Questionable,Subscribers Only
Jimmie Ward,HOU,S,Foot,Reserve-CEL,Subscribers Only
Gareth Warren,PIT,OT,Concussion,IR,Subscribers Only
Ar'Darius Washington,BAL,S,Achilles,PUP-R,Subscribers Only
Casey Washington,ATL,WR,Concussion,Questionable,Subscribers Only
Dwayne Washington,FA,RB,Illness,Questionable,Subscribers Only
Isaiah Washington,FA,WR,Undisclosed,Questionable,Subscribers Only
Keith Washington,FA,CB,Wrist,Questionable,Subscribers Only
Savion Washington,LAC,OT,Undisclosed,PUP-R,Subscribers Only
Jordan Watkins,SF,WR,Ankle,Questionable,Subscribers Only
Quez Watkins,FA,WR,Undisclosed,Questionable,Subscribers Only
Blake Watson,FA,RB,Knee,Questionable,Subscribers Only
Christian Watson,GB,WR,Knee - ACL,PUP-R,Subscribers Only
Deshaun Watson,CLE,QB,Achilles,PUP-R,Subscribers Only
Desmond Watson,FA,DT,Illness,Questionable,Subscribers Only
Nathaniel Watson,CLE,LB,Biceps,IR,Subscribers Only
Armani Watts,FA,S,Ankle,Questionable,Subscribers Only
Armon Watts,FA,DT,Knee,Questionable,Subscribers Only
Isas Waxter,FA,CB,Undisclosed,Questionable,Subscribers Only
Tress Way,WAS,P,Back,Questionable,Subscribers Only
Stephen Weatherly,FA,DE,Knee,Questionable,Subscribers Only
Rashad Weaver,FA,LB,Undisclosed,Questionable,Subscribers Only
Marcus Webb,FA,DE,Undisclosed,Questionable,Subscribers Only
Ken Webster,FA,CB,Undisclosed,Questionable,Subscribers Only
Barry Wesley,NO,OT,Undisclosed,IR-R,Subscribers Only
Ja'Markis Weston,NYJ,LB,Undisclosed,IR-R,Subscribers Only
Tershawn Wharton,CAR,DT,Hamstring,Out,Subscribers Only
Tyrone Wheatley,ATL,OT,Undisclosed,IR,Subscribers Only
Ian Wheeler,FA,RB,Undisclosed,Questionable,Subscribers Only
DeAndrew White,FA,WR,Undisclosed,Questionable,Subscribers Only
Drew White,FA,LB,Knee,Questionable,Subscribers Only
Jalen White,FA,RB,Foot,Questionable,Subscribers Only
Keion White,NE,DE,Illness,Questionable,Subscribers Only
Tre'Davious White,BUF,CB,Groin,Questionable,Subscribers Only
Christian Wilkins,FA,DT,Foot,Questionable,Subscribers Only
Chad Williams,FA,WR,Undisclosed,Questionable,Subscribers Only
Chase Williams,FA,S,Head,Questionable,Subscribers Only
D.J. Williams,FA,RB,Undisclosed,Questionable,Subscribers Only
Damien Williams,FA,RB,Foot,Questionable,Subscribers Only
Duke Williams,FA,WR,Hamstring,Questionable,Subscribers Only
Elijah Williams,MIN,DE,Hamstring,Questionable,Subscribers Only
Jarren Williams,FA,CB,Lower Body,Questionable,Subscribers Only
John Williams,GB,OG,Back,PUP-R,Subscribers Only
Jonathan Williams,FA,RB,Concussion,Questionable,Subscribers Only
Kristian Williams,FA,DT,Undisclosed,Questionable,Subscribers Only
Mario Williams,FA,WR,Undisclosed,Questionable,Subscribers Only
Mike Williams,LAC,WR,Undisclosed,Reserve-Ex,Subscribers Only
Seth Williams,FA,WR,Undisclosed,Questionable,Subscribers Only
Tyrell Williams,FA,WR,Concussion,Questionable,Subscribers Only
Chris Williamson,FA,CB,Undisclosed,Questionable,Subscribers Only
Marcus Willoughby,FA,DE,Undisclosed,Questionable,Subscribers Only
Jedrick Wills,FA,OT,Knee,Questionable,Subscribers Only
Divaad Wilson,FA,CB,Undisclosed,Questionable,Subscribers Only
Jack Wilson,IND,OT,Undisclosed,IR,Subscribers Only
Johnny Wilson,PHI,WR,Knee,IR,Subscribers Only
Tavon Wilson,FA,S,Foot,Questionable,Subscribers Only
Juwann Winfree,FA,WR,Hand,Questionable,Subscribers Only
Perrion Winfrey,DAL,DT,Back,IR,Subscribers Only
Kevin Winston,TEN,S,Hamstring,Questionable,Subscribers Only
Tristan Wirfs,TB,OT,Knee,Out,Subscribers Only
Deatrich Wise,WAS,DE,Knee,Questionable,Subscribers Only
Devon Witherspoon,SEA,CB,Knee,Questionable,Subscribers Only
Anthony Witherstone,FA,CB,Toe,Questionable,Subscribers Only
Hunter Wohler,IND,S,Foot,IR,Subscribers Only
Zach Wood,NO,C,Elbow,Questionable,Subscribers Only
Al Woods,FA,DT,Achilles,Questionable,Subscribers Only
Xavier Worthy,KC,WR,Shoulder,Questionable,Subscribers Only
Renell Wren,FA,DT,Undisclosed,Questionable,Subscribers Only
Derek Wright,FA,WR,Knee,Questionable,Subscribers Only
Jaylen Wright,MIA,RB,Knee,Questionable,Subscribers Only
Milton Wright,FA,WR,Undisclosed,Questionable,Subscribers Only
Kenny Yeboah,DET,TE,Undisclosed,IR,Subscribers Only
Chase Young,NO,LB,Calf,Questionable,Subscribers Only
Dareke Young,SEA,WR,Hamstring,Questionable,Subscribers Only
Landon Young,NO,OT,Ankle,IR,Subscribers Only
Tavon Young,FA,CB,Undisclosed,Questionable,Subscribers Only
Justin Zimmer,FA,DT,Undisclosed,Questionable,Subscribers Only
Isaiah Zuber,FA,WR,Undisclosed,Questionable,Subscribers Only
Greg Zuerlein,FA,K,Knee,Questionable,Subscribers Only